{"inputUnits":[48],"outputUnits":8,"inputs":{"0":{"dtype":"number","min":100.66967850106238,"max":110.71481413656079},"1":{"dtype":"number","min":37.96603602430275,"max":99.35957211017478},"2":{"dtype":"number","min":34.77912791421334,"max":98.94342991587651},"3":{"dtype":"number","min":34.17256710486164,"max":95.52220705115163},"4":{"dtype":"number","min":38.25838929894997,"max":92.22641420964993},"5":{"dtype":"number","min":30.63639456384173,"max":91.46699868369227},"6":{"dtype":"number","min":34.40252878488448,"max":91.00779571857362},"7":{"dtype":"number","min":29.33373801032585,"max":87.35761982915547},"8":{"dtype":"number","min":53.86780415059849,"max":90.34643860429739},"9":{"dtype":"number","min":25.960701861597943,"max":86.00977319469108},"10":{"dtype":"number","min":32.56141536034067,"max":84.61263187397833},"11":{"dtype":"number","min":27.868345284300073,"max":88.45945981760207},"12":{"dtype":"number","min":34.93953392454722,"max":87.99145815117228},"13":{"dtype":"number","min":27.70589604833937,"max":91.10845537764027},"14":{"dtype":"number","min":34.87058572549951,"max":92.8523200199958},"15":{"dtype":"number","min":30.333134071571497,"max":87.312890717443},"16":{"dtype":"number","min":56.09852459436405,"max":89.10461818288177},"17":{"dtype":"number","min":30.1918578084328,"max":88.69711026050176},"18":{"dtype":"number","min":29.29181098992209,"max":90.24244713140087},"19":{"dtype":"number","min":26.05504285034055,"max":81.62807674343021},"20":{"dtype":"number","min":34.336735544298634,"max":83.1823226543718},"21":{"dtype":"number","min":27.478941745400412,"max":82.55528653541955},"22":{"dtype":"number","min":29.060463339476833,"max":82.08714075538148},"23":{"dtype":"number","min":25.803748098448747,"max":82.40471297867916},"24":{"dtype":"number","min":56.0482126483504,"max":80.86814848768294},"25":{"dtype":"number","min":24.055757881683473,"max":80.14518937371145},"26":{"dtype":"number","min":27.467444245257262,"max":83.04523090116257},"27":{"dtype":"number","min":24.825502228378973,"max":83.00503244282069},"28":{"dtype":"number","min":48.787393024110656,"max":81.67655206418513},"29":{"dtype":"number","min":27.346222953662547,"max":80.26801173012183},"30":{"dtype":"number","min":40.00480203626414,"max":84.87881695506377},"31":{"dtype":"number","min":27.735442390360213,"max":79.77538960084024},"32":{"dtype":"number","min":74.69497418450308,"max":87.73137968009715},"33":{"dtype":"number","min":32.999442874523005,"max":83.75084716408632},"34":{"dtype":"number","min":32.87788834758257,"max":82.95438648791098},"35":{"dtype":"number","min":24.954773386542257,"max":80.53478025639168},"36":{"dtype":"number","min":44.21268877806731,"max":83.68807824070447},"37":{"dtype":"number","min":28.49147345549821,"max":79.99561290086683},"38":{"dtype":"number","min":18.6122608854195,"max":81.22490404808087},"39":{"dtype":"number","min":25.70087293383884,"max":84.08460032671219},"40":{"dtype":"number","min":43.2360258520535,"max":81.78824346502107},"41":{"dtype":"number","min":19.35767410871609,"max":86.21962978861755},"42":{"dtype":"number","min":27.420583535190133,"max":82.51879203347505},"43":{"dtype":"number","min":27.829109211436496,"max":84.12052603564597},"44":{"dtype":"number","min":32.90173018713227,"max":86.24996795508372},"45":{"dtype":"number","min":14.813946398595897,"max":87.64615553333286},"46":{"dtype":"number","min":32.72305011194156,"max":89.9275133800416},"47":{"dtype":"number","min":23.817925503741577,"max":90.56372321918047}},"outputs":{"0":{"dtype":"string","min":0,"max":1,"uniqueValues":["n","m","j","b","e","c","f","t"],"legend":{"n":[1,0,0,0,0,0,0,0],"m":[0,1,0,0,0,0,0,0],"j":[0,0,1,0,0,0,0,0],"b":[0,0,0,1,0,0,0,0],"e":[0,0,0,0,1,0,0,0],"c":[0,0,0,0,0,1,0,0],"f":[0,0,0,0,0,0,1,0],"t":[0,0,0,0,0,0,0,1]}}},"isNormalized":true}